{"cameraMode":{"drawMode":0,"name":"Shaded","section":"Shading Mode"},"sceneLighting":true,"audioPlay":false,"sceneViewState":{"showFog":true,"showMaterialUpdate":false,"showSkybox":true,"showFlares":true,"showImageEffects":true,"showParticleSystems":true},"in2DMode":false,"pivot":{"x":335.1029357910156,"y":215.936279296875,"z":26.627166748046876},"rotation":{"x":-0.013807658106088639,"y":-0.014400949701666832,"z":0.00019885407527908683,"w":-0.9998013973236084},"size":561.980224609375,"orthographic":false}